{
  "xgboost": {
    "train_mae": 0.3226429873008093,
    "train_rmse": 0.4754017254572558,
    "train_r2": 0.9996505181545126,
    "val_mae": 1.3574947641538138,
    "val_rmse": 2.2944013585676055,
    "val_r2": 0.9912224411060783
  },
  "ensemble": {
    "train_mae": 0.3226429873008093,
    "train_rmse": 0.4754017254572558,
    "train_r2": 0.9996505181545126,
    "val_mae": 1.3574947641538138,
    "val_rmse": 2.2944013585676055,
    "val_r2": 0.9912224411060783
  }
}