{
  "feature_medians": {
    "stops_remaining_ratio": 1.0,
    "time_elapsed_ratio": 1.0,
    "pace_ratio": 1.0,
    "avg_stop_dwell_minutes": 5.097218539078591,
    "current_speed_kmh": 32.7160210043077,
    "speed_ratio": 0.9347434572659343,
    "route_deviation_meters": 0.0,
    "speed_trend": -0.06525654273406575,
    "driver_on_time_rate": 0.8076230783715208,
    "hour_of_day_sin": 1.2246467991473532e-16,
    "hour_of_day_cos": -0.7071067811865475,
    "is_peak_hour": 0.0,
    "day_of_week_sin": 0.0,
    "day_of_week_cos": -0.22252093395631434
  },
  "feature_mins": {
    "stops_remaining_ratio": 1.0,
    "time_elapsed_ratio": 0.8824646380158031,
    "pace_ratio": 0.8824646380158031,
    "avg_stop_dwell_minutes": 2.00054653772175,
    "current_speed_kmh": 6.901020574201705,
    "speed_ratio": 0.19717201640576298,
    "route_deviation_meters": 0.0,
    "speed_trend": -0.802827983594237,
    "driver_on_time_rate": 0.6000186789751215,
    "hour_of_day_sin": -1.0,
    "hour_of_day_cos": -1.0,
    "is_peak_hour": 0.0,
    "day_of_week_sin": -0.9749279121818236,
    "day_of_week_cos": -0.9009688679024191
  },
  "feature_maxs": {
    "stops_remaining_ratio": 1.0,
    "time_elapsed_ratio": 1.0,
    "pace_ratio": 1.0,
    "avg_stop_dwell_minutes": 9.59759628809568,
    "current_speed_kmh": 51.21450883146194,
    "speed_ratio": 1.4632716808989126,
    "route_deviation_meters": 0.0,
    "speed_trend": 0.46327168089891263,
    "driver_on_time_rate": 0.9499994609642672,
    "hour_of_day_sin": 1.0,
    "hour_of_day_cos": 6.123233995736766e-17,
    "is_peak_hour": 1.0,
    "day_of_week_sin": 0.9749279121818236,
    "day_of_week_cos": 1.0
  }
}