{
  "feature_medians": {
    "stops_remaining_ratio": 1.0,
    "time_elapsed_ratio": 0.9925366461474701,
    "pace_ratio": 0.9925366461474701,
    "avg_stop_dwell_minutes": 41.51594473871742,
    "current_speed_kmh": 48.589225124759245,
    "speed_ratio": 1.3882635749931214,
    "route_deviation_meters": 0.0,
    "speed_trend": 0.38826357499312125,
    "driver_on_time_rate": 0.85,
    "hour_of_day_sin": 0.49999999999999994,
    "hour_of_day_cos": -0.8660254037844387,
    "is_peak_hour": 0.0,
    "day_of_week_sin": 0.0,
    "day_of_week_cos": -0.22252093395631434
  },
  "feature_mins": {
    "stops_remaining_ratio": 1.0,
    "time_elapsed_ratio": 0.9711796527240109,
    "pace_ratio": 0.9711796527240109,
    "avg_stop_dwell_minutes": 29.935522535691387,
    "current_speed_kmh": 26.079711739639382,
    "speed_ratio": 0.7451346211325538,
    "route_deviation_meters": 0.0,
    "speed_trend": -0.2548653788674462,
    "driver_on_time_rate": 0.85,
    "hour_of_day_sin": 0.49999999999999994,
    "hour_of_day_cos": -0.8660254037844387,
    "is_peak_hour": 0.0,
    "day_of_week_sin": -0.9749279121818236,
    "day_of_week_cos": -0.9009688679024191
  },
  "feature_maxs": {
    "stops_remaining_ratio": 1.0,
    "time_elapsed_ratio": 1.0,
    "pace_ratio": 1.0,
    "avg_stop_dwell_minutes": 64.9871858547283,
    "current_speed_kmh": 89.90782078594839,
    "speed_ratio": 2.5687948795985256,
    "route_deviation_meters": 0.0,
    "speed_trend": 1.5687948795985254,
    "driver_on_time_rate": 0.85,
    "hour_of_day_sin": 0.49999999999999994,
    "hour_of_day_cos": -0.8660254037844387,
    "is_peak_hour": 0.0,
    "day_of_week_sin": 0.9749279121818236,
    "day_of_week_cos": 1.0
  }
}