{
  "threshold": 0.5081632653061224,
  "f1_at_threshold": 0.39127272727272727
}