MAE,RMSE,R2,n_train,n_val
2.3261229066848754,3.3576724398290128,0.8196688743571824,400,100
